<annotation>
	<folder>4s</folder>
	<filename>output_400001.jpg</filename>
	<path>/Users/oneshotfinish/Documents/verkada/images/4s/output_400001.jpg</path>
	<source>
		<database>Unknown</database>
	</source>
	<size>
		<width>800</width>
		<height>600</height>
		<depth>3</depth>
	</size>
	<segmented>0</segmented>
	<object>
		<name>pot</name>
		<pose>Unspecified</pose>
		<truncated>0</truncated>
		<difficult>0</difficult>
		<bndbox>
			<xmin>299</xmin>
			<ymin>318</ymin>
			<xmax>327</xmax>
			<ymax>355</ymax>
		</bndbox>
	</object>
</annotation>
