<annotation>
	<folder>images</folder>
	<filename>output_300009.jpg</filename>
	<path>/Users/oneshotfinish/Documents/verkada/images/output_300009.jpg</path>
	<source>
		<database>Unknown</database>
	</source>
	<size>
		<width>1024</width>
		<height>576</height>
		<depth>3</depth>
	</size>
	<segmented>0</segmented>
	<object>
		<name>pot</name>
		<pose>Unspecified</pose>
		<truncated>0</truncated>
		<difficult>0</difficult>
		<bndbox>
			<xmin>524</xmin>
			<ymin>198</ymin>
			<xmax>549</xmax>
			<ymax>245</ymax>
		</bndbox>
	</object>
</annotation>
