<annotation>
	<folder>images</folder>
	<filename>output_100008.jpg</filename>
	<path>/Users/oneshotfinish/Documents/verkada/images/output_100008.jpg</path>
	<source>
		<database>Unknown</database>
	</source>
	<size>
		<width>800</width>
		<height>600</height>
		<depth>3</depth>
	</size>
	<segmented>0</segmented>
	<object>
		<name>pot</name>
		<pose>Unspecified</pose>
		<truncated>0</truncated>
		<difficult>0</difficult>
		<bndbox>
			<xmin>273</xmin>
			<ymin>168</ymin>
			<xmax>300</xmax>
			<ymax>210</ymax>
		</bndbox>
	</object>
</annotation>
